{
    "id": 1,
    "name": "Java Quiz",
    "description": "Java Quiz (Basic Multiple Choice Questions for Java Developers)",
    "questions": [
        {
            "id": 1010,
            "name": "Which provides runtime environment for java byte code to be executed?",
            "questionTypeId": 1,
            "options": [
                {
                    "id": 1055,
                    "questionId": 1010,
                    "name": "JDK",
                    "isAnswer": false
                },
                {
                    "id": 1056,
                    "questionId": 1010,
                    "name": "JVM",
                    "isAnswer": true
                },
                {
                    "id": 1057,
                    "questionId": 1010,
                    "name": "JRE",
                    "isAnswer": false
                },
                {
                    "id": 1058,
                    "questionId": 1010,
                    "name": "JAVAC",
                    "isAnswer": false
                }
            ],
            "questionType": {
                "id": 1,
                "name": "Multiple Choice",
                "isActive": true
            }
        },
        {
            "id": 1011,
            "name": "Which of the following are not Java keywords?",
            "questionTypeId": 1,
            "options": [
                {
                    "id": 1055,
                    "questionId": 1010,
                    "name": "double",
                    "isAnswer": false
                },
                {
                    "id": 1057,
                    "questionId": 1010,
                    "name": "switch",
                    "isAnswer": false
                },
                {
                    "id": 1056,
                    "questionId": 1010,
                    "name": "then",
                    "isAnswer": true
                },
                {
                    "id": 1058,
                    "questionId": 1010,
                    "name": "instanceof",
                    "isAnswer": false
                }
            ],
            "questionType": {
                "id": 1,
                "name": "Multiple Choice",
                "isActive": true
            }
        },
        {
            "id": 1012,
            "name": "Which one is a template for creating different objects?",
            "questionTypeId": 1,
            "options": [
                {
                    "id": 1055,
                    "questionId": 1010,
                    "name": "An Array",
                    "isAnswer": false
                },
                {
                    "id": 1057,
                    "questionId": 1010,
                    "name": "A class",
                    "isAnswer": true
                },
                {
                    "id": 1056,
                    "questionId": 1010,
                    "name": "Interface",
                    "isAnswer": false
                },
                {
                    "id": 1058,
                    "questionId": 1010,
                    "name": "Method",
                    "isAnswer": false
                }
            ],
            "questionType": {
                "id": 1,
                "name": "Multiple Choice",
                "isActive": true
            }
        }
    ]
}